<?xml version="1.0" encoding="UTF-8"?>
<project-private xmlns="http://www.netbeans.org/ns/project-private/1">
    <editor-bookmarks xmlns="http://www.netbeans.org/ns/editor-bookmarks/1"/>
    <editor-bookmarks xmlns="http://www.netbeans.org/ns/editor-bookmarks/2" lastBookmarkId="0"/>
    <open-files xmlns="http://www.netbeans.org/ns/projectui-open-files/2">
        <group>
            <file>file:/C:/Users/ghazo/OneDrive/Documents/NetBeansProjects/tha9afans/src/tha9afans/gui/AddSession.java</file>
            <file>file:/C:/Users/ghazo/OneDrive/Documents/NetBeansProjects/tha9afans/src/tha9afans/gui/ViewEvent.java</file>
            <file>file:/C:/Users/ghazo/OneDrive/Documents/NetBeansProjects/tha9afans/src/tha9afans/services/ServiceSession.java</file>
            <file>file:/C:/Users/ghazo/OneDrive/Documents/NetBeansProjects/tha9afans/src/tha9afans/utilities/Statics.java</file>
            <file>file:/C:/Users/ghazo/OneDrive/Documents/NetBeansProjects/tha9afans/src/tha9afans/MyApplication.java</file>
            <file>file:/C:/Users/ghazo/OneDrive/Documents/NetBeansProjects/tha9afans/src/tha9afans/gui/EventList.java</file>
            <file>file:/C:/Users/ghazo/OneDrive/Documents/NetBeansProjects/tha9afans/src/tha9afans/gui/HomeForm.java</file>
            <file>file:/C:/Users/ghazo/OneDrive/Documents/NetBeansProjects/tha9afans/src/tha9afans/entities/Session.java</file>
            <file>file:/C:/Users/ghazo/OneDrive/Documents/NetBeansProjects/tha9afans/src/tha9afans/services/ServiceEvenement.java</file>
            <file>file:/C:/Users/ghazo/OneDrive/Documents/NetBeansProjects/tha9afans/src/tha9afans/entities/Evenement.java</file>
            <file>file:/C:/Users/ghazo/OneDrive/Documents/NetBeansProjects/tha9afans/src/tha9afans/gui/AddEvent.java</file>
        </group>
    </open-files>
</project-private>
